{"voltage":17.1315451,"current":0.329,"power":5.6362783379,"temperature":23.16120535,"h2_flow":0.316,"h2_pressure":0.558156508,"timestamp":"29-Apr-2026 10:13:48"}