{"voltage":17.117,"current":0.329,"power":5.6314930000000007,"temperature":23.15271276,"h2_flow":0.311,"h2_pressure":0.558977737,"timestamp":"29-Apr-2026 10:16:49"}