{"voltage":17.10491463,"current":0.329,"power":5.62751691327,"temperature":23.12938717,"h2_flow":0.31,"h2_pressure":0.559165036,"timestamp":"29-Apr-2026 10:19:22"}