{"voltage":17.29875847,"current":0.272,"power":4.7052623038400014,"temperature":23.02512775,"h2_flow":0.309,"h2_pressure":0.560260602,"timestamp":"29-Apr-2026 10:31:03"}