{"voltage":17.14840566,"current":0.329,"power":5.6418254621400008,"temperature":23.19669792,"h2_flow":0.278,"h2_pressure":0.557460859,"timestamp":"29-Apr-2026 10:11:12"}