{"voltage":17.13585882,"current":0.329,"power":5.63769755178,"temperature":23.13932966,"h2_flow":0.316,"h2_pressure":0.557615743,"timestamp":"29-Apr-2026 10:13:21"}