{"voltage":17.11561607,"current":0.329,"power":5.631037687030001,"temperature":23.14941416,"h2_flow":0.31,"h2_pressure":0.559165036,"timestamp":"29-Apr-2026 10:17:15"}