{"voltage":17.06734276,"current":0.329,"power":5.61515576804,"temperature":23.03982158,"h2_flow":0.309,"h2_pressure":0.559165036,"timestamp":"29-Apr-2026 10:28:53"}