{"voltage":17.14,"current":0.329,"power":5.6390600000000006,"temperature":23.11953695,"h2_flow":0.311,"h2_pressure":0.557085212,"timestamp":"29-Apr-2026 10:12:55"}