{"voltage":17.0764321,"current":0.329,"power":5.6181461609000012,"temperature":23.05882338,"h2_flow":0.309,"h2_pressure":0.559165036,"timestamp":"29-Apr-2026 10:26:43"}