{"voltage":17.107,"current":0.329,"power":5.628203,"temperature":23.14604551,"h2_flow":0.31,"h2_pressure":0.559165036,"timestamp":"29-Apr-2026 10:18:06"}