{"voltage":17.088,"current":0.329,"power":5.621952,"temperature":23.0950099,"h2_flow":0.309,"h2_pressure":0.559165036,"timestamp":"29-Apr-2026 10:22:50"}