{"voltage":17.14321698,"current":0.329,"power":5.6401183864199993,"temperature":23.19343377,"h2_flow":0.278,"h2_pressure":0.55681041,"timestamp":"29-Apr-2026 10:11:38"}