{"voltage":17.151,"current":0.329,"power":5.642679,"temperature":23.2045574,"h2_flow":0.278,"h2_pressure":0.561095569,"timestamp":"29-Apr-2026 10:10:19"}