{"voltage":17.129,"current":0.329,"power":5.635441000000001,"temperature":23.17194373,"h2_flow":0.314,"h2_pressure":0.55847556,"timestamp":"29-Apr-2026 10:14:40"}