{"voltage":17.08436,"current":0.329,"power":5.6207544400000007,"temperature":23.08481624,"h2_flow":0.309,"h2_pressure":0.559165036,"timestamp":"29-Apr-2026 10:23:42"}