{"voltage":17.0955122,"current":0.329,"power":5.6244235138000009,"temperature":23.11791035,"h2_flow":0.309,"h2_pressure":0.559165036,"timestamp":"29-Apr-2026 10:21:32"}