{"voltage":17.12297403,"current":0.329,"power":5.63345845587,"temperature":23.16544003,"h2_flow":0.312,"h2_pressure":0.55847556,"timestamp":"29-Apr-2026 10:15:32"}