{"voltage":17.12816883,"current":0.329,"power":5.63516754507,"temperature":23.16993311,"h2_flow":0.312,"h2_pressure":0.55847556,"timestamp":"29-Apr-2026 10:15:06"}