{"voltage":17.079,"current":0.329,"power":5.618991,"temperature":23.07775474,"h2_flow":0.309,"h2_pressure":0.559165036,"timestamp":"29-Apr-2026 10:24:33"}