{"voltage":17.151,"current":0.329,"power":5.642679,"temperature":23.208709,"h2_flow":0.278,"h2_pressure":0.563301892,"timestamp":"29-Apr-2026 10:09:52"}