{"voltage":17.07052297,"current":0.329,"power":5.61620205713,"temperature":23.04226716,"h2_flow":0.309,"h2_pressure":0.559165036,"timestamp":"29-Apr-2026 10:28:27"}