{"voltage":17.11777922,"current":0.329,"power":5.63174936338,"temperature":23.16094696,"h2_flow":0.312,"h2_pressure":0.55847556,"timestamp":"29-Apr-2026 10:15:58"}