{"voltage":17.11115179,"current":0.329,"power":5.62956893891,"temperature":23.14786952,"h2_flow":0.31,"h2_pressure":0.559165036,"timestamp":"29-Apr-2026 10:17:40"}