{"voltage":17.08036,"current":0.329,"power":5.61943844,"temperature":23.08174069,"h2_flow":0.309,"h2_pressure":0.559165036,"timestamp":"29-Apr-2026 10:24:07"}