{"voltage":17.071,"current":0.329,"power":5.616359000000001,"temperature":23.04798127,"h2_flow":0.309,"h2_pressure":0.559165036,"timestamp":"29-Apr-2026 10:28:01"}