{"voltage":17.1012561,"current":0.329,"power":5.6263132569000014,"temperature":23.12376115,"h2_flow":0.31,"h2_pressure":0.559165036,"timestamp":"29-Apr-2026 10:19:48"}