{"voltage":17.06416254,"current":0.329,"power":5.6141094756600012,"temperature":23.037376,"h2_flow":0.309,"h2_pressure":0.559165036,"timestamp":"29-Apr-2026 10:29:19"}