{"voltage":17.062,"current":0.272,"power":4.6408640000000014,"temperature":23.03464324,"h2_flow":0.309,"h2_pressure":0.559165036,"timestamp":"29-Apr-2026 10:29:45"}