{"voltage":17.07313992,"current":0.329,"power":5.61706303368,"temperature":23.05739951,"h2_flow":0.309,"h2_pressure":0.559165036,"timestamp":"29-Apr-2026 10:27:09"}