{"voltage":17.117,"current":0.329,"power":5.6314930000000007,"temperature":23.15679938,"h2_flow":0.311,"h2_pressure":0.55870629,"timestamp":"29-Apr-2026 10:16:24"}