{"voltage":17.09063415,"current":0.329,"power":5.62281863535,"temperature":23.10947181,"h2_flow":0.309,"h2_pressure":0.559165036,"timestamp":"29-Apr-2026 10:21:59"}