{"voltage":17.10935169,"current":0.272,"power":4.6537436596800008,"temperature":23.02805995,"h2_flow":0.309,"h2_pressure":0.559384149,"timestamp":"29-Apr-2026 10:30:37"}