{"voltage":17.098,"current":0.329,"power":5.625242,"temperature":23.12023115,"h2_flow":0.31,"h2_pressure":0.559165036,"timestamp":"29-Apr-2026 10:20:41"}